description,keywords,title,url
微小站,微小站,微小站 我的微小站,http://www.52vzhan.com
【超级理财】P2P网贷第三方投资理财返利平台网站，我们为您筛选最优质的网贷平台，通过超级理财参与平台投资可大幅度提升理财收益率！在这儿，你可以天天都过理财节！,网贷返利平台、P2P返利平台、即刻返利、券妈妈理财、理财返利网、网贷羊毛、P2P羊毛、投之家、理财羊毛、理财返利平台、网贷导购、投资返利,【超级理财】专注网贷的投资返利平台、网贷导购平台、理财返利平台、投资返利平台、网贷第三方返利平台、网贷返利网,http://56web.93bus.com
51外汇返佣网(www.51whfy.com/)实时更新返佣明细，返佣高、返佣快，是一家专业的外汇返佣网站，为您提供优质的外汇平台：嘉盛外汇、XM、icMarkets、FXCM福汇、icm、GKFX、exness、SVSFX、兴业投资等外汇平台。,"外汇返佣网,第一外汇返佣网,外汇返佣,外汇开户,外汇怎么开户,外汇返佣网站,外汇交易平台,外汇交易软件,XM开户,捷凯开户,嘉盛开户,福汇开户,exness开户",51外汇返佣网-最专业的外汇返佣平台,http://www.51whfy.com
"加息盒子（www.jxhz.com）是国内领先的专注P2P网贷的互联网金融导购返利平台。加息盒子选择与优质的投资理财平台合作，为投资人提供互联网投资机会。投资人投资后，除获得平台收益外，还能获得P2P返利收益,最高额外加息5%。",加息盒子|P2P返利|P2P网贷|互联网投资|投资理财|互联网金融,"加息盒子-一站式安全的P2P网贷返利平台,最高额外加息5%",http://114.jxhz.com
外汇返佣直接代理平仓即返_外盘返佣-兆延返佣于大中华地区黄金外汇能源佣金返还业务，为个人及代理会员寻找专业优质的交易平台同时能够减轻交易成本支出，协助广大投资者获得企业级数的特低交易费用，介绍佣金由交易商全额直接返还到会员银行账户，没有中间商榨取任何利益，大大有利个人或代理商发展，快速投入外汇市场带来胜人一筹的金融交易环境。,"商品返佣,伦敦金,现货外汇,现货黄金投资,交易,大宗商品,代理开户返佣最高的平台,CFD,现货黄金,个人开户,佣金返还,贵金属交易,现货黄金开户,伦敦金开户",外汇返佣|直接代理|黄金返佣|外盘返佣|平仓即返-兆延返佣_专业贵金属外汇返佣网,http://www.880368.com
"壹财富致力于为投资人提供品质优、风控强、品类全的好资产,涵盖十大品类数万款优质资产,累计为投资人创造综合收益超50亿,行业领先的财富管理机构.","壹财富,1caifu,壹财富官方网站,注册理财师,1财富","
      
        壹财富-尽心尽责的资产配置专家400-921-3939
      
    ",https://www.1caifu.com/
"壹财富致力于为投资人提供品质优、风控强、品类全的好资产,涵盖十大品类数万款优质资产,累计为投资人创造综合收益超50亿,行业领先的财富管理机构.","壹财富,1caifu,壹财富官方网站,注册理财师,1财富","
      
        壹财富-尽心尽责的资产配置专家400-921-3939
      
    ",https://www.1cf.com/
白银原油交易平台、银九返佣网是以外汇返佣、期货返佣为主的返佣平台，银九返佣不断考察市场上各个平台，为初级交易者提供一定的市场信息及平台甄别信息。让初入市场的投资者更多的了解市场，个人代理、公司代理就选银九返佣网。,返佣网/银九返佣网/原油白银平台,返佣网_银九返佣网_白银原油交易平台,http://www.95yin.cn
"期权网为您提供最新期权行业资讯，汇集各种期权交易平台，期权是什么,个股期权交易可靠吗,个股期权是真的吗?就让期权网为您一一解答！",期权投资，个股期权，场外期权，股票期权，期权交易，期权开户，期权平台，二元期权,期权网 — 最专业的期权投资交易网站,http://www.a-fanyong.com
"爱返佣一站式返佣服务,精选多家正规现货、外汇、期权等理财平台,为广大投资者降低交易成本,日返佣,无门槛,不接触投资者账户和资金,开户立享高额返佣,网上预约更便捷,返佣热线：400-606-1570！",返佣，返佣网，原油返佣，黄金返佣，外汇返佣，期货返佣，期权投资,爱返佣网现货黄金|外汇|期权|原油返佣_唯一官方网站_返佣直达100%,http://www.afanyong.cn
百狐网-特色会员制电子商城，消费者共享平台收益；销售家电、数码通讯、家居、服装、母婴、食品等数万个品牌优质商品。玩转网购享超值特权!客服电话400-001-0002,百狐，百狐网、百狐网商城、电子商城，网上商城，网上购物，收益共享，网购，电商平台，购物平台，购物商城，消费奖励，手机，服装，零食,百狐网(baihunetwork.com)-品质保障、正品购物、特色权益、收益共享,http://www.92yoohoo.com
"一起挖财网互联网金融P2P返利平台和返利投网站,推出了51搜财网,返利魔方,绿麻雀,希财网,生菜网等金融产品专注于投资返现,理财返现,返利网投资,投资返利,以自己专业的角度为用户服务一起挖财一家专业的返利网站。","一起挖财网一家互联网金融P2P返利平台和P2P理财超市,返利网站,推出了51搜财,返利魔方,返利投,返现奖励,金融超市等互联网金融产品,专注于投资返现,理财返现,返利网投资,投资返利,以自己专业的角度为用户服务一起挖财一家返利投,返利魔方,51搜财,投资返现,返利网站,理财返现,返利网投资,P2P返利平台,投资返利",投资返现|理财返现|返利网投资_金融工厂-一起挖财P2P返利平台,http://www.17wacai.com
安羽理财是国内专业的互联网金融投资理财返利平台，为用户提供优质安全的互金平台、信用卡福利、靠谱基金、证券、固定收益类线上投资理财等服务，专业金融圈理财师严格优选，保障你的投资安全还能额外领取平台的返利收益,"投资理财,投资理财平台,p2p投资理财,P2P理财平台,网赚平台,网赚金融,理财返利,理财返利平台
",安羽赚客理财_专注投资理财金融圈的网赚平台,http://www.anyulc.com
帮我呀（www.bangwoya.com）一站式投资理财服务平台，理财产品涵盖p2p网贷、个人理财、现金贷等，致力为投资者提供安全、稳定的财富增长体验、同时解决个人资金需求。,"投资理财,p2p理财,网贷平台,个人理财,理财产品,现金贷,帮我呀",帮我呀_p2p投资理财_一站式投资理财服务平台,http://www.bangwoya.com
挖福利从用户角度出发，致力于对整合对用户有价值的互联网福利产品，打造全国首家专业的互联网福利产品体验平台。,挖福利，我要挖福利，p2p理财平台，p2p投资理财，p2p投资理财平台，小额投资理财，个人投资理财，互联网理财产品，互联网理财平台，互联网金融平台，互联网金融产品，网络理财产品，网赚,挖福利-专业的互联网福利体验平台！,http://www.bbs.wafuli.cn
五度专注于分享经济、新经济、新消费等符合时代发展需要的电子商务商城系统，以专业化的服务水平为企业级用户提供B(2B)2C【B2B2C】电子商务平台解决方案，全力打造电商平台专项ERP(CRM)系统、ERP(RFID)系统等，引领中国电子商务行业企业级需求的发展方向。咨询电话：400-611-5098,五度社区新消费电商平台提供线上线下营销推广解决方案,五度 - Powered by ShopNC,http://www.99jufu.com/shop/index.php
快加息，国内第一理财加息平台，P2P网贷理财导购加息平台，专注于为互联网理财客户提供便捷、有效、高收益的理财加息服务！享受一站式理财返利导购新体验！,"快加息,加息,返利,返利导购,金融返利,p2p返利导购,p2p投资,理财超市,金融超市,投资返利平台,金融返利平台,投资返利平台,互联网金融导购平台,返利导购平台,投资返利平台,理财返利平台,返利导购平台,投资理财,互联网金融,互联网金融,返利导购,p2p返利导购平台,返利导购平台模式,一站式理财",快加息-国内第一理财加息平台,https://www.blowan.com
"秦商财经网汇集国内主流的现货贵金属,外盘期货等主流返佣平台,为客户降低交易手续费，并且提供安全的现货贵金属返佣、原油返佣、现货返佣，期货返佣服务。",返佣，返佣网，返佣平台，贵金属返佣，原油返佣，期货返佣，现货返佣，秦商财经网，白银返佣,"
	秦商财经网_领先的期货返佣网_贵金属返佣网_现货返佣网
",http://www.6617529.cn/index.html
返佣网提供现货白银返佣，原油返佣，各个交易所在线开户返佣，把手续费还给您！为您节约投资成本，让您迅速盈利。是您现货贵金属投资的最佳合作伙伴。,,返佣网|原油返佣网|白银返佣网|贵金属返佣网-返利葩,http://www.bjdlyb.com/index.html
【投天下】提供P2P理财平台、P2P理财投资等行业信息，及P2P理财直投、理财找平台等功能，提供最新理财动态及业内大牛理财分享，网络理财上投天下理财超市。,"投天下,P2P理财,P2P理财平台,P2P理财投资,网络投资,理财超市","投天下-P2P网贷平台理财超市,一站式投资理财,给理财多一份安全保障",http://www.etoutianxia.com
九鱼金服是中国最大的互联网理财商城，也是领先的品牌P2P理财返利平台，以高性价的投资收益对全国各大网贷平台进行严格精选，为网贷投资人打造一个专业的、安全的第三方P2P理财商城，提供网贷返利、P2P理财、P2P理财平台排行榜、九鱼读财等综合理财服务，让P2P理财更放心、投资更安全、收益更稳健。,"九鱼理财,P2P理财返利平台,P2P返利,网贷返利,财商教育,九鱼读财,网贷返利平台,P2P网贷安全平台,网贷理财网站排名,P2P理财公司,p2p投资返利,p2p第三方返利平台,网贷返利第三方平台,九鱼金服,理财规划,家庭理财规划方案",九鱼金服-专业、合规、可信赖，以中立的态度为你甄选高性价比的第三方P2P网贷理财品牌。,http://www.91jiuyu.com
互金超市是一家专门服务于互联网金融行业的门户导航导购站点，已服务超过百家平台。互金超市是一家专门服务于互联网金融行业的门户导航导购站点，已服务超过百家平台。,"互金超市,互联网金融超市,金融超市,互金超市返利,互金超市理财,互金超市,互金超市理财,互金超市返利,互联网金融理财,互金超市不错,互金超市羊毛,理财羊毛,金融返利,投资返利","手机中彩堂,东方心经今期马报资料,铁算盘4887开奖结果,刘佰温6374开奖结果",http://www.aqmtsm.com
"返利搜搜-是国内领先的互联网金融理财返利搜索平台,专注于理财返利搜索、网贷返利搜索、p2p返利搜索网、返利搜搜率先推出理财返利搜索概念现，为首家金融返利搜索平台！","返利搜搜,网贷返利搜索平台,P2P返利搜索,网贷返利合作,理财返利搜索,网贷返利,p2p返利,理财返利,返利网,理财返利搜索平台","【返利搜搜】_网贷返利搜索,p2p返利搜索,国内金融理财返利搜索平台",https://www.fanlisousou.com/
,网贷P2P理财返现金 众鑫聚宝鑫鑫返利网 诚信返现网,鑫鑫返利网_理财返现金_P2P网贷投资返利_诚信返现网_一手内部渠道单_媒体广告冲量单 山东众鑫聚宝网络有限公司旗下网站,http://fanxian.77110.cn
,,大车道外汇返佣网,http://www.dachedao.cn
返牛客-专注网贷返利-p2p返利-理财返利,返牛客-专注网贷返利-p2p返利-理财返利,返牛客-专注网贷返利-p2p返利-理财返利 ,http://www.fanniuke.com
搜返佣网高返佣100%手续费！提供正规合法的二元期权交易平台，二元期权是真的吗，二元期权怎么样，二元期权投资，二元期权交易网站，二元期权交易可靠吗，二元期权怎么赚钱，二元期权合法吗，二元期权模拟交易,二元期权，二元期权平台，二元期权是真的吗，二元期权怎么样，二元期权投资，二元期权交易网站，二元期权交易可靠吗，二元期权怎么赚钱，二元期权合法吗，二元期权模拟交易，搜返佣网,二元期权交易平台_二元期权是真的吗_怎么样_二元期权投资网站-搜返佣网-外汇返佣,http://2qq.sofanyong.cn
"八戒返佣网创建于2004年,汇集国内主流的现货贵金属,外盘期货等主流返佣平台,为客户降低交易手续费,并且提供安全的现货贵金属返佣,原油返佣,现货返佣,期货返佣服务.","返佣网,期货返佣,现货返佣,贵金属返佣,原油返佣,黄金返佣,白银返佣,开户高返佣首选平台","八戒返佣网-十年磨一剑,为用户提供最好的返佣服务!",https://www.ff8.cn
"返佣易返佣网提供现货白银返佣，现货黄金返佣，原油返佣，各个交易所在线开户返佣，把手续费还给您！返佣网,专业提供原油返佣,现货开户,白银返佣,现货返佣,贵金属返佣,黄金返佣，香港金银业贸易场。为您节约投资成本，让您迅速盈利。是您现货贵金属投资的最佳合作伙伴。","返佣网,原油返佣,现货开户,白银返佣,现货返佣,贵金属返佣,黄金返佣，香港金银业贸易场",黄金返佣_现货开户_现货返佣_原油返佣_香港金银业贸易场|返佣易,http://www.fanyongyi.com
返佣易,返佣易,返佣易,http://www.fanyongyi.cn
,,FX2088 返佣网,http://www.fx2088.com
▓优发国际▓——致力于为广大客户提供丰富精彩的博彩活动，并以最优质的服务及丰富奖赏作为回馈。,优发国际,优发国际——优发国际(唯一)官方网站,http://www.etaoyg.com/Niu
"【返利360】国内领先P2P网贷返利投资理财网站,提供网贷返利最高的第三方理财返利导购平台,专注于网贷返利、P2P返利、投资理财返利的综合返利平台，为大众实现财富增值的全新投资理财返利网！","网贷返利平台,理财返利平台,理财返利,理财返利网,网贷返利,P2P返利","【返利360】P2P网贷返利投资理财平台,网贷返利排名领先的理财返利网",http://www.flw360.com
赶集返佣网（www.gjfanyongwang.com）专注于现货返佣、期货返佣，为广大投资者提供白银返佣，原油返佣，降低交易成本，提高资金利用率和提供专业行情资讯为目标。,返佣，返佣网，现货返佣，期货返佣，白银返佣，原油返佣，赶集返佣，赶集返佣网,"
	赶集返佣网_国内白银返佣_原油返佣_现货返佣_期货返佣第一平台
",http://www.gjfanyongwang.com
"去哪理财是专注网贷投资返利的平台,去哪理财整合多家P2P理财平台,为用户提供专业的理财导购平台,来去哪理财享理财高收益",返利平台、投资理财、网贷、去哪理财,去哪理财—专注网贷的投资返利平台、互联网理财导购平台,http://www.qunalc.com
返佣之家，是国内新兴的综合性返佣服务机构，致力于国际期货、国内现货、外汇等各类交易平台的手续费返还，降低客户交易成本。公司热线：4001188963。公司结合数年的线下运营经验，为广大投资者提供良好的投资环境和专业返返佣服务，欢迎您的咨询和加盟。,"返佣网,返佣平台,国内期货投资,国际期货返佣,国内现货平台,期货平台,白银投资网,外汇返佣网,期货返佣网,外盘期货平台,国内外汇平台,恒指返佣",国际期货返佣_国内现货平台_期货返佣网_原油返佣-返佣之家,http://www.fyzjhome.com
FX外汇返佣网是中国最大的外汇返佣门户。我们致力于为中国外汇投资者及外汇经纪商提供专业化的金融服。针对国内外汇公司、个人代理及专业投资者，我们提供全面专业的佣金结算系统及看盘分析系统。FX外汇返佣网为您提供ABS澳盛、BeneForex宝富国际、FXPRO浦汇、KVB昆仑国际、Pepperstone激石、XM外汇、Swissquote瑞讯银行、HY兴业投资、DirectFX、icmarkets IC盈凯、ThinkMarkets智汇、VantageFX万致、AETOS艾拓思、Formax福亿、ADS达汇、FXBTG大旗金融、BMFN博美、卓德、GKFX捷凯、SVSFX、FOREX嘉盛、ACY稀万国际、ONE欧福市场、Markets迈肯司、ICM艾森、LCG等正规外汇平台,外汇返佣，外汇开户，外汇代理，外汇咨询,外汇返佣_外汇开户_外汇咨询-FX外汇返佣网-最高效外汇返佣门户网,http://www.forexre.com
共赢返佣网是一家专门做返佣的服务网站，业务涵盖:现货返佣、期货返佣、外汇返佣、原油返佣、外汇代理、期货代理、炒外汇开户、期货投资开户，共赢返佣网-合作共赢-诚信返佣！,"返佣网,现货返佣网,期货返佣网,外汇返佣网,原油返佣网,外汇代理,期货代理,炒外汇开户,期货投资开户,共赢返佣网",共赢返佣网_期货返佣网_外汇返佣网_现货返佣网_原油返佣网_合作共赢-诚信返佣,http://www.gyfanyong.com
返佣联盟提供国内最全的现货返佣网、期货返佣网、外汇返佣网信息，权威的返佣网排行，为投资者挑选手续费最低的贵金属交易平台。,返佣、返佣网、返佣网排行、现货返佣网、期货返佣网、外汇返佣网,返佣联盟_汇聚国内最全的现货返佣网_期货返佣网_外汇返佣网信息,http://www.fylm123.com
"壹财富致力于为投资人提供品质优、风控强、品类全的好资产,涵盖十大品类数万款优质资产,累计为投资人创造综合收益超50亿,行业领先的财富管理机构.","壹财富,1caifu,壹财富官方网站,注册理财师,1财富","
      
        壹财富-尽心尽责的资产配置专家400-921-3939
      
    ",https://www.gei.1cf.com/
"薅羊毛_撸羊毛_网赚,就上团财网。团财网汇集数百家金融机构的薅羊毛信息,平台担保返利安全,团财网APP数据同步,薅羊毛更靠谱！",理财返利、投资返利、薅羊毛、撸羊毛,"薅羊毛_撸羊毛_网赚,就上团财网",http://www.tuancai88.com/
"互金返利-是国内领先的互联网金融理财返利平台,专注于理财返利、网贷返利、p2p返利网、2014年在国内率先推出理财返利平台概念现已成为网贷返利行业领导者！","网贷理财,网贷返利网,网赚,网贷之家;火车头理财
",【互金返利网】P2P网贷投资理财|网贷返利第三方平台，您的网贷之家！,http://www.hujinfanli.com
,,手机端首页,http://www.hujinfai.com/weixin
第一外汇返佣网专业返佣网(www.dywhfyw.com)，返佣网准确、诚信、高效返佣平台。返佣网对接国内外各大外汇平台降低客户交易成本。,"外汇返佣,期货返佣,黄金返佣,外汇返佣网,黄金返佣网,黄金返现,外汇返现,第一外汇返佣网",第一外汇返佣网 - 外汇返佣网 黄金返佣网 黄金返现网 外汇返现网站,http://www.dywhfyw.com
"壹财富致力于为投资人提供品质优、风控强、品类全的好资产,涵盖十大品类数万款优质资产,累计为投资人创造综合收益超50亿,行业领先的财富管理机构.","壹财富,1caifu,壹财富官方网站,注册理财师,1财富","
      
        壹财富-尽心尽责的资产配置专家400-921-3939
      
    ",https://www.h5.04.1cf.com/
汇金客，中国领先的外汇返佣平台！为您提供外汇返佣、外汇开户、交易商对比、智能交易（EA）、跟单系统等专业金融服务。是一个安全、便捷、高效、透明的外汇返佣平台。,"外汇返佣,外汇交易,外汇开户,外汇平台",汇金客 - 中国专业外汇返佣平台,https://www.huijinke.com/
交易王朝为外汇期货投资者提供最新国际期货、外汇、港股、美股等行情资讯，以及超低成本的国际期货、外汇交易平台，正规监管，交易环境顺畅，是外汇期货开户、外汇期货交易、外汇期货刷单的首选。,"原油期货,期货开户，国际期货,恒指期货开户,黄金投资平台,恒指期货行情,外汇期货交易平台,国际期货投资,国际期货交易，外汇开户,外汇期货交易,外汇投资；外汇交易平台,炒外汇平台,外汇理财,外汇交易网站,网上炒外汇,十大外汇平台排名,正规外汇平台，刷单",交易王朝— 超低成本国际期货外汇平台盈利服务商,http://www.jiaoyiwangchao.com
"薅羊毛(www.hym777.com)专业的P2P投资导航平台,P2P返利返现.各大银行,基金,平台的薅羊毛活动.安全性与收益兼顾,踏出理财第一步,大家一起薅羊毛!信用无价","薅羊毛,撸羊毛,P2P羊毛,网贷羊毛,P2P返利,P2P返现,网贷返利,网贷返现,投资导航,返利平台,理财返利","薅羊毛-专业投资导航平台,踏出理财第一步,大家一起薅羊毛~",http://www.hym777.com
,,北京海博大洋商贸有限公司,http://www.jdzi.net.cn
"汇晋比价网是国内最大的贵金属交易平台!现货黄金投资一站式比较平台,帮你比较全国的贵金属金融交易商。免费比较全国现货黄金交易和现货黄金开户、交易时间、每手点差优惠、杠杆倍数、返佣比例等贵金属交易和贵金属投资问题。只需2分钟即可找到最合适的贵金属交易平台,省钱省时间！","现货黄金开户,现货黄金投资,现货黄金交易,黄金交易平台,贵金属交易平台,伦敦金交易平台,现货黄金,贵金属,伦敦金",汇晋比价网_现货黄金开户|现货黄金投资|现货黄金交易平台|贵金属交易平台|伦敦金交易平台,http://www.egoldhk.com/zh_cn/index.html?a111
【即刻理财】P2P网贷第三方投资理财返利平台网站，我们为您筛选最优质的网贷平台，通过即刻理财参与平台投资可大幅度提升理财收益率！在这儿，你可以天天都过理财节！,网贷返利平台、P2P返利平台、券妈妈理财、理财返利网、网贷羊毛、P2P羊毛、投之家、理财羊毛、理财返利平台、网贷导购、投资返利,【即刻理财】专注网贷的投资返利平台、网贷导购平台、理财返利平台、投资返利平台、网贷第三方返利平台、网贷返利网,https://www.jikelc.com/
"泓樽付_樽享便利领航新零售横空出世，公司拿出6亿砸市场 第三方支付+消费返利+金融理财+股权投资 七月份起由国际巨星代言 在中央电视台七套、十三套、致富频道同时打广告，将樽享推向国际市场。 赶超：京东+腾迅+阿里巴巴+支付宝。 今年烧钱亿吸粉！ 布局百城千店，明年异业联盟千城万店。 金融理财：静态：投资100元每月得60元 投资1000元每月得600元 投资10000元每月得6000元 动态：100元起三级10%8%6%。 股权投资：6月9日在深圳前海股权交易中心挂牌上线!按当日前海交易中心挂牌价，打造中国人自己的第三方支付平台
","泓樽付,泓樽付官网,泓樽付（官网）,泓樽付商城,樽享便利店,樽享商城,樽享投资,樽享股权380026,交易代码380026,泓樽付股权380026,泓樽付是骗局,泓樽付查不到挂牌信息,泓樽付下载,泓樽付盈利模式,泓樽付提现,泓樽付公司在哪里,泓樽付也是传销骗局，泓樽付是合法的吗,泓樽汇怎么赚钱,泓樽付是真的吗,泓樽付app官方下载,泓樽付运行多久了,泓樽付充值,东莞市泓樽信息科技有限公司,泓樽付注册",泓樽付官网,http://www.hongzunkj.cn/
兴业投资外汇平台是全球知名的英国外汇交易商，提供正规外汇交易平台，外汇交易咨询，外汇交易开户等外汇交易服务，是最受欢迎的外汇交易商。,外汇平台，外汇交易平台，正规外汇平台，英国外汇交易商，在线外汇交易，网上炒外汇，HYCM兴业投资，英国兴业投资,外汇平台|外汇交易平台|正规外汇交易商_HYCM兴业投资官网,http://www.jyfanyong.com
"金牌返佣网提供现货开户返佣,贵金属返佣，白银返佣，原油返佣，各大交易所在线开户减免手续费99%！为您节约投资成本，让您迅速盈利，金牌返佣网是您现货贵金属投资的最佳合作伙伴。","返佣网,原油返佣网,白银返佣网,贵金属返佣网,开户返佣",金牌返佣网-现货贵金属返佣_返佣网_白银返佣_开户返佣_个代返佣,http://www.jinpaifanyong.com
"快高返佣网-返佣平台开户首选品牌,提供现货原油白银外汇贵金属期货返佣返现开户等服务,我们承诺低成本高返佣，正规高效快捷.为您提供低更专业可靠的技术支持咨询,更安全快速的返佣服务.","返佣,返佣网,返佣开户,返佣平台,原油返佣网,现货返佣网,白银返佣网,贵金属返佣网,外汇返佣网,黄金返佣网,返佣品牌,天然气返佣","快高返佣网-返佣网首选品牌-快高返佣网,现货原油外汇贵金属白银期货返佣平台开户服务",http://www.kgfyw.com
"加息盒子（www.jxhz.com）是国内领先的专注P2P网贷的互联网金融导购返利平台。加息盒子选择与优质的投资理财平台合作，为投资人提供互联网投资机会。投资人投资后，除获得平台收益外，还能获得P2P返利收益,最高额外加息5%。",加息盒子|P2P返利|P2P网贷|互联网投资|投资理财|互联网金融,"加息盒子-一站式安全的P2P网贷返利平台,最高额外加息5%",http://www.jxhz.com
返利投是专注于互联网金融领域的返利导购平台签约国资，上市，风投系等理财平台提供投资服务，汇集多种投资产品。通过返利投购买投资产品享额外加息返利。用户分散投资，构建属于自己的投资组合。同时具备自动记账，资产配置多项功能，选投资理财产品就用返利投，理财返利你值得拥有！,"返利投,理财返利,互联网金融,投资理财加息,投资组合,投资理财返利,p2p理财返利,网贷平台","返利投—理财返利,投资加息,更专业的互联网金融导购平台",https://www.fanlitou.com/
"快速★返佣网★期货返佣,原油返佣总交易成本降至1点起,白银返佣网,现货返佣网首选王牌返佣,正规《交易所官方》开户渠道,安全有保障,返佣联盟成本降到底!期货等交易平台,多样的平台选择,方便广大投资者广泛选择和免费开户!","返佣,返佣网,返佣联盟,现货返佣,期货返佣,原油返佣,白银返佣,贵金属返佣,外汇返佣,个股期权返佣,现货开户,期货开户,外汇开户",快速返佣网_现货返佣_期货返佣_建仓即返_行业领先,http://www.fastfanyong.com
乐豆玩是一个为玩家提供游戏试玩的网站，你在乐豆玩(ledouwan.com)可以边玩游戏边赚钱，还能享受充值返利！轻松游戏，轻松赚钱，就上乐豆玩！,"游戏试玩,试玩赚钱,玩游戏赚钱,游戏赚钱,游戏充值返利,网赚平台,乐豆玩,乐豆玩官网",最火爆的试玩赚钱平台_玩游戏赚钱_游戏试玩-乐豆玩,http://www.ledouwan.com
聚宝所是国内领先的P2P理财导航门户，为您提供权威的理财平台资料、排行榜，并有高额的理财返利,"聚宝所,p2p理财,p2p平台,网贷平台,理财返利,理财导航",金融CPA合作|金融CPS合作|CPS推广-聚宝所_国内领先的P2P理财导航平台,http://www.jubaosuo.cn/AgentCustomerSystem/jubaosuo.jsp
返佣网成立于2012年，是专业从事原油、现货白银、天然气等贵金属、大宗商品和现货返佣投资开户平台，返佣超市网及返佣网排行榜推荐品牌，返佣及时，日日返佣网上到帐。,"返佣,白银返佣网,返佣网,贵金属返佣,现货白银返佣,返佣交易,大宗商品返佣,现货黄金返佣,原油返佣网,现货铜返佣,现货原油",白银返佣网 - 官方网站,http://m.byfyw.com
"马上多-是一个理财返利平台,为您提供理财返利、P2P返现、P2P返利、网贷超市、投资返利等全方位高收益理财返利活动","马上多,马上多返利网,理财返利平台,P2P返现,P2P返利,P2P羊毛,网贷超市,理财返利,金融返利",马上多 P2P返利_返现_理财_网贷超市-马上多返利网,https://www.masduo.com
【利点点】基于P2P网贷第三方投资理财整合平台，利点点为您筛选最优质的P2P网贷平台，通过利点点参与网贷平台投资可大幅度提升理财收益年华！加入我们，更多理财福利等你来拿！,"利点点,理财超市,效果推广,效果营销,品牌推广,理财返利,撸羊毛,薅羊毛,返利平台,P2P理财,网贷返利网站,投资理财,提高年化,互联网金融,网络理财,互联网理财,消费金融,小额分散,手机理财,银行存管",利点点,http://www.ldiandian.com
快加息，一站式理财加息，理财返利，理财超市平台，P2P理财返利加息平台，专注于为互联网金融客户提供便捷、有效、高收益的投资理财加息返利服务，享受一站式互联网金融返利加息新体验！,"快加息,理财加息,理财超市,理财返利,加息,返利,投资,p2p加息,p2p返利,p2p投资,金融返利,金融超市,金融返利,网贷返利,投资返利,投资理财,互联网金融,理财","快加息-最安全理财加息,理财返利,P2P返利,网贷返利,理财超市",http://www.kuaijiaxi.com
"蚂蚁挖财（www.mayiwacai.com）是知名“互联网金融导购返利平台”，致力于为理财用户找到优质，安全，高效的理财项目，让理财更安心！
蚂蚁挖财核心团队成员来自阿里集团,支付宝和分众传媒，并拥有一支专业、高效的独立第三方风控团队，对每一家合作理财平台都进行实地认证、注册资金、公司证件、托管情况等信息进行核实，并签订合作协议。蚂蚁挖财是互联网金融投资理财的P2P理财神器","理财超市,理财技巧,投资推荐,理财返利网,黑户借钱,信用借款,蚂蚁聚宝,网贷返利平台,P2P理财网贷之家,理财返利平台,理财返利","
         蚂蚁挖财-知名第三方金融理财导购超市,让理财更安心",http://www.mayiwacai.com
"米财网-是国内领先的互联网金融理财返利平台,致力于给各位投资用户提供优质、精选理财平台的导购服务和理财返利、网贷返利、p2p返利网","网贷返利平台,理财返利平台,理财返利,理财返利网,网贷返利,P2P返利","【米财网】国内领先的网贷投资理财返利平台！网贷返利,p2p返利,理财返利网！",http://www.micaiw.cn
多重风控优选P2P平台，在线投资理财即刻送米积分奖励，可享加息返利（送钱）网和互舒宝魔方计划；集百家微网络抓取矿工大咖之长，富联合银行与客户同盟桥网。值得盈取羊毛信赖互联网普惠金融服务门户1号站。搜搜乐豆石头财坛或互金超市（hujinchaoshi.com）,"互金超市,互联网金融超市,金融超市,互金超市理财,互金超市,互金超市理财,互金超市不错,理财羊毛,金融返利,投资返利,财气网,银桥网,融普惠,钱优客,微盈宝,搜财,百家奖坛,即刻理财,乐豆玩,返利金服,理财超市,米咖网,P2P返利,石头客,魔积分,理财家门,网贷家门,送钱网,互金在线,返利宝","喜多多,宝宝图片大全,金六福论坛,朝三暮四打一生肖",http://www.hanamc.com.cn
银积分-互联网金融返利平台，P2P网贷理财导购加息平台，邀您安全理性理财、提升财富享受生活！,"银积分,理财超市,加息,返利,返利导购,金融返利,p2p返利导购,p2p投资,理财超市,金融超市,投资返利平台,金融返利平台,投资返利平台,互联网金融导购平台,返利导购平台,投资返利平台,理财返利平台,返利导购平台,投资理财,互联网金融,互联网金融,返利导购,p2p返利导购平台,返利导购平台模式,一站式理财",银积分-互联网金融返利平台,http://m.yinjifen.com
理财小超p2p加息返利综合超市,理财小超p2p加息返利综合超市,理财小超p2p加息返利综合超市,http://www.licaishop.com
快加息，国内第一理财加息平台，P2P网贷理财导购加息平台，专注于为互联网理财客户提供便捷、有效、高收益的理财加息服务！享受一站式理财返利导购新体验！,"快加息,加息,返利,返利导购,金融返利,p2p返利导购,p2p投资,理财超市,金融超市,投资返利平台,金融返利平台,投资返利平台,互联网金融导购平台,返利导购平台,投资返利平台,理财返利平台,返利导购平台,投资理财,互联网金融,互联网金融,返利导购,p2p返利导购平台,返利导购平台模式,一站式理财",快加息-国内第一理财加息平台,http://m.kuaijiaxi.com
"马上多-是一个理财返利平台,为您提供理财返利、P2P返现、P2P返利、网贷超市、投资返利等全方位高收益理财返利活动","马上多,马上多返利网,理财返利平台,P2P返现,P2P返利,P2P羊毛,网贷超市,理财返利,金融返利",马上多 P2P返利_返现_理财_网贷超市-马上多返利网,https://www.msdfanli.com
返佣网提供现货白银返佣，原油返佣，各个交易所在线开户返佣，把手续费还给您！为您节约投资成本，让您迅速盈利。是您现货贵金属投资的最佳合作伙伴。,,返佣网|原油返佣网|白银返佣网|贵金属返佣网-返利葩,http://www.fanlipa.com/index.html
,,手机端首页,http://www.poyunwen.com/weixin
返利联盟是专门为网贷羊毛推手设计的做单网站，这里集结了国内最多的网贷推手群体，是总交易规模全网最高的网贷返利网站。,"网贷返利,网贷平台,网贷资讯,网贷羊毛,网贷,P2P薅羊毛,p2p羊毛活动,p2p理财返利网,网贷推手,网贷佣金,投资返利,理财返利,网贷渠道,P2P推广代理",【返利联盟】网贷投资返利推手俱乐部|网贷羊毛第一专业返现平台|P2P网贷返利专业团队打造,https://www.p2plm.com/
国内最权威的期货、外汇投资网站，提供黄金、原油、恒指、外汇等开户返佣服务，致力于让投资者利益最大化。开户返佣金，降低交易成本，盈利更轻松！与多家国际期货、外汇平台合作，为投资者提供多元化服务。,"返佣网,牛牛返佣网,黄金开户,原油开户,外汇开户,期货开户,开户返佣官网",牛牛返佣网-黄金开户_原油开户_外汇开户_期货开户-开户返佣官网,http://www.niuniufanyong.com
"【多返利】为您筛选最优质的P2P网贷第三方投资理财返利平台,网贷返利,P2P网贷理财,P2P网贷返利,P2P返利理财,选择理财产品通过多返利网参与平台投资可大幅度提升理财收益率！",多返利、投资理财返利、P2P返利、P2P网贷返利、网贷返利、理财返利、P2P羊毛、返利网,"
    【多返利】P2P网贷第三方投资理财返利平台    
          
   ",http://www.morefanli.com
青山财富网,青山财富网,青山财富网,http://www.qingshancaifu.com
【互金预警网】收集网贷平台与薅羊毛最新资讯，发布网贷预警与网贷返利信息，为投资者提供透明可靠的P2P理财公司排名、P2P返利、P2P理财查询和薅羊毛预警服务，让您安全踏出P2P理财的第一步。,"P2P理财,网贷预警,互金预警,薅羊毛预警,薅羊毛,互金每日预警,网贷110,网贷平台,网贷返利,P2P返利",P2P理财|网贷预警|网贷110|薅羊毛预警|互金每日预警|薅羊毛|网贷平台|网贷返利|p2p返利|互金预警网-中国网贷预警第一门户,http://www.hujin110.com
钱优客是国内领先的理财返利网，专注于网贷返利，理财返利平台，为投资者提供优质安全的理财返利平台及最新的理财资讯，致力于打造最安全的理财返利网。,"理财返利,理财返利平台,理财返利网，网贷返利,",理财返利平台＿网贷返利＿理财返利网 - 【钱优客】,http://www.qianyouke.com
『日日返佣网』返佣网排行榜首选品牌，白银、原油、贵金属、天然气投资开户平台，提供行业最高最及时返佣服务，返佣比例达130%，返佣超市网每天18点前返还佣金！,"返佣,返佣网,返佣平台,白银返佣,白银返佣网,白银返佣平台,原油返佣,原油返佣网,原油返佣平台,贵金属返佣,贵金属返佣网,贵金属返佣平台,沥青返佣,沥青返佣网,农产品返佣,农产品返佣网,返佣超市网,日日返佣网",日日返佣网-白银原油投资开户首选平台_行业最高返佣超市网,http://www.rrfyw888.com
【石头客】互联网金融P2P投资理财导购、理财返利、p2p网贷，做投资者专业的投资顾问！,P2P理财返利网，投资返利，P2P网贷，撸羊毛，网贷预警，P2P贷款，互联网金融，投资顾问，贷款，理财产品，理财导购,"石头客-P2P理财返利网_投资返利_P2P贷款 _网贷预警,您的网贷之家",https://www.quanminjizhang.cn
"壹财富致力于为投资人提供品质优、风控强、品类全的好资产,涵盖十大品类数万款优质资产,累计为投资人创造综合收益超50亿,行业领先的财富管理机构.","壹财富,1caifu,壹财富官方网站,注册理财师,1财富","
      
        壹财富-尽心尽责的资产配置专家400-921-3939
      
    ",https://www.qqq.1cf.com/
融普惠（www.rongpuhui.com）隶属于北京华融普汇管理咨询有限公司，是一家创新型互联网金融信息导购平台，致力于为网贷投资用户提供便捷的投资渠道，为P2P用户推荐优质理财项目，实现财富智慧增值，享受投资返利的乐趣,"融普惠,返利平台,网贷返利,投资返利,网贷投资,互联网金融理财,P2P理财,P2P返利,理财返利,推广运营,融普惠平台,理财返利平台,理财返利,理财任务,p2p返利导购,P2P,返利,网贷,综合理财平台,互联网金融导购,理财,返利导购平台模式,一站式理财,金融返利,投资理财,融普惠金融,理财导航,P2P加息,返利加息,网络投资,P2P返利,理财返利","融普惠—理财返利 融资贷款,p2p返利导购,综合网贷服务平台",http://www.rongpuhui.com
"专利技术转让,发明专利转让交易,商标专利交易认准7号网知识产权交易中心,提供专利出售转让服务,专注专利买卖,商标专利交易转让,汇聚上百万商标专利信息资源,一个领先的知识产权交易服务与代理平台!","专利转让,专利技术转让,专利交易,知识产权交易,专利买卖,商标专利交易","7号网-专注专利转让,商标专利交易,领先的知识产权服务与交易平台",http://www.qihaoip.com
返佣网全国热线电话：400-8077-731提供现货白银返佣，原油返佣，各个交易所在线开户返佣，把手续费还给您！为您节约投资成本，让您迅速盈利。是您现货贵金属投资的最佳合作伙伴,168返佣网|返佣网|原油返佣网|白银返佣网|贵金属返佣网,返佣网|原油返佣网|白银返佣网|贵金属返佣网-168返佣网,http://www.nyb168.com
【石头客】互联网金融P2P投资理财导购、理财返利、p2p网贷，做投资者专业的投资顾问！,P2P理财返利网，投资返利，P2P网贷，撸羊毛，网贷预警，P2P贷款，互联网金融，投资顾问，贷款，理财产品，理财导购,"石头客-P2P理财返利网_投资返利_P2P贷款 _网贷预警,您的网贷之家",http://www.shitouke.cn
硕实雨（www.shuoshiyu.com）是国内权威的P2P投资返利加息导购平台，为用户提供加息理财、理财返利、投资威客等产品服务，致力于打造国内最大的金融返利导购平台。,"P2P返利,理财返利,理财加息,投资威客,投资返利,硕实雨",硕实雨-国内权威的P2P投资返利加息导购平台,http://www.shuoshiyu.com
期返佣网创办于2016年，是一家专业的外盘期货、国际期货返佣开户平台，对接国内外多家正规期货公司，平台致力降低外盘期货投资者的交易成本，高返佣手续费，最高可返100%，开户请认准期返佣网。国际期货咨询、代理、开户一站式服务。联系方式：15392008097，客服qq2466373292。,"期返佣网,返佣网,期货返佣,恒指返佣,美黄金返佣,美原油返佣,国际期货返佣,外盘期货返佣,期货返佣平台,期货手续费返佣,期货居间人,期货代理,",期返佣网，国际外盘期货手续费返佣，全网最高返佣平台。,http://www.qfanyong.com
泰通金融超市,泰通金融,泰通金融超市服务有限公司,http://www.taitongjinrong.cn
赚多点,"赚多点,投资,返利,P2P,网络赚钱",赚多点,http://www.sq360.top
"返佣网全称易返佣，易返佣致力打造最权威的返佣网站，包括外汇返佣,现货返佣,期货返佣,贵金属返佣等返佣平台，易返佣网现有寿光果蔬,世纪矩阵,新疆汇宝,寿光果菜,贵州西部等平台。","返佣网,返佣,易返佣,外汇返佣,现货返佣网,易返佣网",返佣网_返佣_外汇返佣_现货返佣网 - 易返佣,https://www.efanyong.com/
分享全球知名电商及各领域高端网站于一体的专业平台,胜有财  商城  返利  加息   淘宝   天猫   理财    超市   保险  贷款  京东  苏宁   国美  公益   慈善  宜信 信而富 金融 超市 便利店  加盟 兼职 国企,胜有财,https://www.syc18.com/
瞬返佣网是最权威的白银返佣、现货返佣、贵金属返佣网站，为客户提供高额返佣，线上开户，5大行资金托管，安全有保障，成本一降到底!,返佣网、白银返佣网、贵金属返佣网、原油返佣网、现货返佣网,瞬返佣网_专业的现货返佣网_原油返佣网_白银返佣网_高达75%,http://www.shunfanyong.com
汇通购商城官方唯一指定返佣官网，致力于交易商交易返佣，最高高达70%返佣，让您盈利无忧，提供优质专业可靠的返佣服务，为您降低投资成本，让您迅速盈利 ！,"返佣网,汇通购,谷品优选,微盘返佣",汇通购官网|汇通购商城|汇通购返佣网,http://www.souzhuangw.cn
168返佣网全国热线电话：400-097-0094提供现货白银返佣，原油返佣，各个交易所在线开户返佣，把手续费还给您！为您节约投资成本，让您迅速盈利。是您现货贵金属投资的最佳合作伙伴,168返佣网|返佣网|原油返佣网|白银返佣网|贵金属返佣网,返佣网|原油返佣网|白银返佣网|贵金属返佣网-168返佣网,http://www.sdsstd.com
"天和返佣网是一家专门提供现货黄金、现货白银、贵金属、天然气、原油沥青免费咨询、开户、返佣的专业网站。为客户提供白银开户返佣,沥青返佣,天然气返佣,现货开户返佣,个人代理等金融服务","天和返佣网,白银开户返佣,沥青返佣,天然气返佣,现货开户返佣,原油返佣","天和返佣网-沥青原油开户返佣,现货白银，天然气返佣，国内最正规的现货返佣网",http://www.thfanyong.com
"掌贷天下为南宁市创心聚网络科技有限公司旗下平台，公众号互金小帮手，定位为专业的互金行业第三方，提供包含网贷、p2p理财返利，贷款，信用卡，平台测评，平台预警，平台调研等服务，多种合作模式CPA,CPS","南宁市创心聚网络科技有限公司,互金小帮手,网贷,p2p,理财，贷款，信用卡，预警，测评，调研，返利,cps,cpa",投资理财产品_金融超市_返利网_掌贷天下官网,http://www.tianjue360.cn
去搜财是国内首个互联网理财智能搜索引擎，我们借助大数据解决用户投资过程中信息分散、决策难的痛点，让互联网理财体验更好、收益更高。,JeeSite 网贷返利，理财返利排名，理财攻略，理财垂直搜索引擎,去搜财-互联网理财智能搜索引擎,http://www.qusoucai.com
汇集主流网贷理财平台，提供多家网贷平台\P2P平台\互联网理财\基金平台的投资返利信息，按投资金额进行返利，并可查询平台的各类信息。,投资返利、理财返利、网贷、P2P、互联网理财、网贷投资返利,"天天益财-网贷返利,理财返利,P2P返利,互联网理财投资",http://www.ttycai.com
"投返网-是国内领先的互联网金融理财返利产品搜索,专注于投资返利、理财返利、p2p返利、P2P网贷返利、金融返利、秉承了安全、简单、高效的投资理念率先推出理财返利平台，服务理财者投资和创业的网贷返利平台领导者！",投资返利|理财返利平台|P2P返利|网贷返利|理财返利|金融返利|安全理财|网络理财|供应链金融,"投返网-投资返利,网贷投资理财,网贷返利,p2p返利的互联网金融服务平台！",https://www.toufan.cn/
,,,http://vip.cf66.cc
"天天返佣网是第一返佣平台,投资开户返佣首选。提供现货原油白银返佣,期货黄金外汇天然气开户,贵金属外盘投资等业务。最超额准时的返佣服务,最专业负责的核验服务,最细致周到的技术服务,大大增加投资者的盈利预期。","天天返佣,天天返佣网,tfanyong,tfanyong.com,返佣,投资,现货,白银,大宗商品,黄金,原油,石油,铜,期货,WTI,布伦特,日返佣金,现货手续费,非农,美元指数,EIA,贵金属,投资交易,钯金,铂金,期货,零佣网,58返佣网,美联储,加息,沥青,操作,空单,多单,做多,做空,看空,喊单,315,个代,北油所,北商所,贵铭,大圆银泰,广交所,天交所,上海黄金交易所,纽约黄金交易所,金十,jin10,日佣网,51返佣网,168返佣网,华夏返佣网,优佣网,金鼎返佣网,大宗商品,原油返佣,黄金网,白银网,新华,中经,中金,深圳前海,中苏,浙江舟山,中晟环球,西南大宗,东盟商品,天威大宗,华东有色,朝汇国,宁夏蓝海,湖南有色,粤贵银,上海黄金交易所,大宗商品,商品交易所,看多,触底,反弹,支撑,阻力,压力,筑底,底分型,双底,双顶,w底,m顶,沥青,现货铜,行情,财经日历,MACD,KDJ,MA,布林带,布林轨,boll,趋势线,通道,日线,周线,月线,分时线,均线,fanyong,fanyongwang,技术指导,代理商,会员单位,开户,平台,日返,周返,月返,操作建议",天天返佣网_现货原油外汇返佣开户投资平台_期货黄金白银贵金属投资开户平台,http://www.tiantianfanyong.com
汇挖宝-外汇股票黄金期货投资专业平台,汇挖宝,汇挖宝-外汇股票黄金期货投资专业平台,http://www.waihui6.cn/index.html
,网贷P2P理财返现金 众鑫聚宝鑫鑫返利网 诚信返现网,鑫鑫返利网_理财返现金_P2P网贷投资返利_诚信返现网_一手内部渠道单_媒体广告冲量单 山东众鑫聚宝网络有限公司旗下网站,http://www.wangdaipinpai.cn
挖福利从用户角度出发，致力于对整合对用户有价值的互联网福利产品，打造全国首家专业的互联网福利产品体验平台。,挖福利，我要挖福利，p2p理财平台，p2p投资理财，p2p投资理财平台，小额投资理财，个人投资理财，互联网理财产品，互联网理财平台，互联网金融平台，互联网金融产品，网络理财产品，网赚,挖福利-专业的互联网福利体验平台！,http://www.wafuli.cn
"壹财富致力于为投资人提供品质优、风控强、品类全的好资产,涵盖十大品类数万款优质资产,累计为投资人创造综合收益超50亿,行业领先的财富管理机构.","壹财富,1caifu,壹财富官方网站,注册理财师,1财富","
      
        壹财富-尽心尽责的资产配置专家400-921-3939
      
    ",https://www.tjf.1cf.com/
挑拥网是国内最权威的现货返佣网站，汇集国内省批文返佣平台50余家。正规交易所官方开户渠道，5大行资金托管，佣金足额从不拖欠，是您现货投资的最佳合作伙伴！,"返佣网,原油返佣,白银返佣,贵金属返佣,开户返佣",挑佣网【官方返佣网】返佣平台任您挑选，打造最权威返佣网站,http://www.tiaoyong.com
滁州天宜商务信息咨询有限公司,滁州天宜商务信息咨询有限公司,滁州天宜商务信息咨询有限公司,http://www.tyfanyong.com
"现货返佣网所属广州市迅网投资咨询有限公司旗下,是一家综合性的金融投资服务返佣平台.返佣就上E返佣网.客服热线:180-1902-1908.", 返佣平台、贵金属返佣、大宗商品返佣、期货返佣,E返佣网-贵金属|大宗商品返佣平台,http://www.weicai10.com
微小站,微小站,活动 -微小站,http://www.wodeweixiaozhan.com
"悟空返佣网汇集国内主流的现货贵金属,外盘期货等主流返佣平台,为客户降低交易手续费，并且提供安全的现货贵金属返佣、原油返佣、现货返佣，期货返佣服务。",返佣，返佣网，返佣平台，贵金属返佣，原油返佣，期货返佣，现货返佣,"
	悟空返佣网_领先的期货返佣网_贵金属返佣网_现货返佣网
",http://www.wkfanyongwang.com
"来贝记账（51来呗）原名网贷雷达一款简洁理财记账本软件app,您的资产管家.对借贷记账,网贷记账,基金记账,股票记账,银行理财一站式管理.来贝记账推出理财交流微社区,网贷计算器,优质网贷新闻指导投资方向.","51来呗,记账软件,记账app,理财记账,p2p网贷记账,网贷计算器,网贷雷达","【来贝记账】（51来呗）官网—投资理财记账app,p2p网贷记账,网贷雷达,网贷计算器",https://www.51laibei.com/
外汇世家返佣网汇集国内外多家稳定的外汇交易平台，为您提供外汇交易、外汇模拟交易软件及外汇开户等服务，是一家实力雄厚的外汇返佣网站。,"外汇世家返佣网,外汇返佣网,外汇开户,外汇交易平台,外汇模拟交易,外汇软件",外汇世家返佣网_外汇开户_外汇交易平台_外汇模拟交易_专注外汇返佣,http://www.waihuishijia.com
"网贷同盟-是国内领先的互联网金融投资理财加息返利平台,专注于理财加息返利、网贷加息返利、理财超市、p2p加息返利网、理财家、高收益、加息、安全可靠2016年在国内率先推出理财返利平台概念现已成为网贷返利行业领导者！网站推广，广告宣传，CPS,ROI.","理财返利平台,P2P返利,网贷返利,理财返利,金融返利,加息,网站推广，理财超市，广告宣传，CPS,ROI.","网贷同盟理财返利平台 理财返利第一站！网贷返利,p2p返利,加息,国内首家金融返利平台，理财超市！网站推广，广告宣传，CPS,ROI.",http://www.wangdaitm.com
"返佣网,外汇返佣,外汇投资,黄金期货,信管家,macd,期货交易,金瑞期货,中盈,新湖期货,外汇开户,期货开户,期货原油,黄金分割线,现货沥青,期货手续费,国际期货,期货交易,旺旺财经返佣网是一家依托于国内正规交易平台为客户提供大宗商品和外汇代理,开户,的第三方返佣咨询网站。提供：现货白银返佣,现货原油返佣、现货黄金返佣,美股,外汇返佣,国际期货,外汇开户等服务,返佣网","外汇开户,期货开户,期货原油,现货沥青,期货手续费,国际期货,期货交易,返佣网,外汇返佣,外汇投资,黄金期货,信管家,期货交易,金瑞期货,中盈,新湖期货,macd,黄金分割线","外汇开户,期货开户,期货原油,现货沥青,期货手续费,国际期货跟单 - 旺旺财经返佣网",http://www.wwcj99.com
"太融易-是国内领先的互联网金融理财返利平台,专注于理财返利、网贷返利、p2p返利网","理财返利,投资返利，安全返利，P2P返利,网贷返利,理财返利,金融返利，羊毛返利，撸羊毛返利，网贷加息，投资加息，年化利率高",太融易 | 专业网贷理财返利平台_首家安全P2P理财网站！,http://www.wuyoufanli.com
『日日返佣网』返佣网排行榜首选品牌，白银、原油、贵金属、天然气投资开户平台，提供行业最高最及时返佣服务，返佣比例达130%，返佣超市网每天18点前返还佣金！,"返佣,返佣网,返佣平台,白银返佣,白银返佣网,白银返佣平台,原油返佣,原油返佣网,原油返佣平台,贵金属返佣,贵金属返佣网,贵金属返佣平台,沥青返佣,沥青返佣网,农产品返佣,农产品返佣网,返佣超市网,日日返佣网",日日返佣网-白银原油投资开户首选平台_行业最高返佣超市网,http://www.rrf888.com
"金返佣网(www.hzzrlp.com)作为中国最具人气的老牌返佣网站,是一家综合现货返佣网、原油返佣网、白银返佣网、外汇返佣网，以为广大投资者降低交易成本和提供专业行情资讯为目标，向投资者提供优_金返网","返佣网,返佣,外汇返佣网,原油返佣网,白银返佣网,天然气返佣网,第一返佣网,黄金返佣_金返网",金返网_|返佣网|外汇返佣网|原油返佣网|返佣总成本68的日返佣网_平仓秒返佣网_金返网,http://www.hzzrlp.com
"【小青蛙网】是行业内领先的第三方投资理财返利平台,致力于为广大投资者推荐安全的p2p理财平台,既为用户增加了收益，也保障了用户的资金安全，实现一份投资，多份收益",理财返利平台，理财返利，网贷返利，理财返利网，网贷理财平台，理财超市，金融超市，金融超市网，在线金融超市，P2P理财返利平台,"
	【小青蛙网】 理财返利平台，理财返利，网贷返利，理财返利网，网贷理财平台，理财超市，金融超市，金融超市网，在线金融超市，P2P理财返利平台
",http://www.xiaoqingw.com
信德金服是借助于互联网专注于为广大高净值客户提供投资咨询、资产配置等服务的一站式金融服务平台。精选市场优质信托产品、资管产品、契约产品等，专注于保障客户资产的保值、增值，实现客户财富的稳健增长。专业独立第三方理财：400-0010-180。,"信德金服,信托产品,资管产品,资产管理计划,高端理财,中江信托,中融信托,国民信托,国元信托,吉林信托,固定收益理财,高净值理财,投资咨询，独立三方",信德金服--高净值客户专属理财服务平台。,http://www.xindejinfu.top
信德金服是借助于互联网专注于为广大高净值客户提供投资咨询、资产配置等服务的一站式金融服务平台。精选市场优质信托产品、资管产品、契约产品等，专注于保障客户资产的保值、增值，实现客户财富的稳健增长。专业独立第三方理财：400-0010-180。,"信德金服,信托产品,资管产品,资产管理计划,高端理财,中江信托,中融信托,国民信托,国元信托,吉林信托,固定收益理财,高净值理财,投资咨询，独立三方",信德金服--高净值客户专属理财服务平台。,http://www.xindejinfu.cn
信德金服是借助于互联网专注于为广大高净值客户提供投资咨询、资产配置等服务的一站式金融服务平台。精选市场优质信托产品、资管产品、契约产品等，专注于保障客户资产的保值、增值，实现客户财富的稳健增长。专业独立第三方理财：400-0010-180。,"信德金服,信托产品,资管产品,资产管理计划,高端理财,中江信托,中融信托,国民信托,国元信托,吉林信托,固定收益理财,高净值理财,投资咨询，独立三方",信德金服--高净值客户专属理财服务平台。,http://www.xindejinfu.com
信德金服是借助于互联网专注于为广大高净值客户提供投资咨询、资产配置等服务的一站式金融服务平台。精选市场优质信托产品、资管产品、契约产品等，专注于保障客户资产的保值、增值，实现客户财富的稳健增长。专业独立第三方理财：400-0010-180。,"信德金服,信托产品,资管产品,资产管理计划,高端理财,中江信托,中融信托,国民信托,国元信托,吉林信托,固定收益理财,高净值理财,投资咨询，独立三方",信德金服--高净值客户专属理财服务平台。,http://www.xindejinfu.com.cn
个股期权招商网是国内首个、最大的集现货投资，期权投资，外汇，外盘等代理、开户、返佣于一体的在线服务平台，是名副其实的返佣模式首创平台。与国内多家正规合法的平台合作，服务于国内投资交易平台、居间商、个人投资者。为交易所及居间商提供展示平台和推广渠道；为投资者免费提供在线咨询、开户和返佣等服务，降低投资交易成本。自公司在国内推出首个创新的返佣模式后得到众多交易平台和投资者客户的欢迎。,"个股期权招商网,场外个股期权,股票期权交易,国内期权交易,期权开户条件,场外股票期权询价,期权报价,期权投资咨询,期权开户代理返佣,个股期权加盟,个股期权招商,个股期权官网,期权股,期权合约,永盈期权,金阳指期权,看涨赢期权,盛弘期权！","个股期权招商网-场外个股期权,股票期权交易，期权开户条件,期权报价,期权开户代理返佣,个股期权加盟，期权招商，永盈期权，金阳指期权，看涨赢期权，盛弘期权！",http://www.woaixianhuo.cn
"佳乐商城  打造“SE+020”新型商超商业模式！
捆绑式消费
让消费者完成多次购买
增加客单量
提高客户黏性
打造消费者新购物习惯！","佳乐商城,佳乐商城官网,分享经济,商超转型升级,一笔钱花两次,招商加盟,亿佳乐,新型商超消费模式,车险免费送,问道新零售","
	亿佳乐电子商务有限公司，佳乐商城，新型商超消费模式
",http://www.yjllm.com
"有佣网隶属柳州市利佳投资有限公司，专业为大家提供期货返佣,现货返佣,天然气返佣,贵金属返佣,外汇返佣网平台。","返佣网,期货返佣,现货返佣,天然气返佣,贵金属返佣,外汇返佣网",期货|现货|天然气|贵金属|外汇返佣网-有佣网,http://www.youyongwang99.com
银积分，国内第一理财加息平台，P2P网贷理财导购加息平台，专注于为互联网理财客户提供便捷、有效、高收益的投资理财服务！享受一站式互联网金融返利导购新体验！,"银积分,加息,返利,返利导购,金融返利,p2p返利导购,p2p投资,理财超市,金融超市,投资返利平台,金融返利平台,投资返利平台,互联网金融导购平台,返利导购平台,投资返利平台,理财返利平台,返利导购平台,投资理财,互联网金融,互联网金融,返利导购,p2p返利导购平台,返利导购平台模式,一站式理财",银积分-理财加息超市，互联网金融返利导购新体验,http://www.yinjifen.com
"天下返佣网提供现货现货返佣,期货返佣，白银返佣，原油返佣,各个交易所在线开户返佣,把手续费还给您!为您节约投资成本,迅速盈利。是您现货贵金属投资的最佳合作伙伴。",返佣，返佣网，现货返佣网，期货返佣网，白银返佣，原油返佣,"
	天下返佣网_现货返佣3点起_期货返佣1点起_掀起返佣风暴
",http://www.txfanyongwang.com
"天逸外汇期货返返佣网排行榜首选品牌,黄金\白银\原油\贵金属\天然气投资开户平台,提供行业最高最及时返佣服务,返佣比例达130%,返佣超市网每天18点前返还佣金!","返佣,返佣网,返佣平台,白银返佣,白银返佣网,白银返佣平台,原油返佣,原油返佣网,原油返佣平台,贵金属返佣,贵金属返佣网,贵金属返佣平台,沥青返佣,沥青返佣网,农产品返佣,农产品返佣网,返佣超市网,天逸返佣网",外汇期货交易返佣网-黄金白银原油投资开户首选平台_天逸返佣超市网,http://www.z722.com
【中耀返利】是理念领先、价值凸显的投资返利、网贷导购、信息搜索平台，并逐步构建完善的互联网金融生态系统，致力于为广大投资人提供安全、简单、高效、快捷的理财返利体验。,"中耀返利,网贷返利，P2P返利，投资返利,网贷导购",中耀返利-安全、简单、高效、快捷的理财返利平台,http://www.zhongyaofanli.com
福利联盟是行业领先的P2P渠道分发机构。,"P2P理财,P2P网贷,投资理财,网络理财,网络投资,小额投资理财,如何投资理财,个人理财,家庭理财",p2p返利撸羊毛,http://wap.51fanshu.com/
智慧Box是国内专业的童书借阅导购等相关信息，为您提供愉悦的网上购物体验！ ,童书，借书，看图识字，图书，触摸书,智慧Box-专业的综合网上图书借阅.便捷、诚信的服务，为您提供愉悦的网上借阅体验,http://www.zhihuibox.com/
谷品优选官方唯一指定返佣官网，致力于交易商交易返佣，最高高达70%返佣，让您盈利无忧，提供优质专业可靠的返佣服务，为您降低投资成本，让您迅速盈利 ！,"返佣网,谷品优选,汇通购,桂购物,微盘返佣",谷品优选官网丨谷品优选商城,http://www.ynlyj.com
"掌贷天下为南宁市创心聚网络科技有限公司旗下平台，公众号互金小帮手，定位为专业的互金行业第三方，提供包含网贷、p2p理财返利，贷款，信用卡，平台测评，平台预警，平台调研等服务，多种合作模式CPA,CPS","南宁市创心聚网络科技有限公司,互金小帮手,网贷,p2p,理财，贷款，信用卡，预警，测评，调研，返利,cps,cpa",投资理财产品_金融超市_返利网_掌贷天下官网,http://www.zhangdai360.com
期货返佣，期货代理，期货居间，交易所返佣，期货直播间，交易所内返，返佣平台，期货手续费，外盘期货返佣，跟单软件，配资软件，股票开户,期货返佣，期货代理，期货居间，交易所返佣，期货直播间，交易所内返，返佣平台，期货手续费，外盘期货返佣，跟单软件，配资软件，股票开户,"
      一家专业从事期货招商的网站",http://zhqhpz888.com
综投之家是一家以广大投资者为服务目标的服务网站，针对投资者提供免费咨询服务以及白银网上开户、原油网上开户、现货网上开户、期货网上开户。综投之家不属于任何现货交易平台、贵金属交易平台、外汇交易平台和期货交易平台，也不接触任何投资者资金和账户信息，完全站在交易者视角审视平台以及提供免费咨询服务。,"综投之家,白银网上开户,原油网上开户,现货网上开户,期货网上开户,现货交易平台,贵金属交易平台,外汇交易平台,期货交易平台",综投之家_现货黄金开户_专业的现货投资服务网站！,http://www.zongtouw.com
综投之家是一家以广大投资者为服务目标的服务网站，针对投资者提供免费咨询服务以及白银网上开户、原油网上开户、现货网上开户、期货网上开户。综投之家不属于任何现货交易平台、贵金属交易平台、外汇交易平台和期货交易平台，也不接触任何投资者资金和账户信息，完全站在交易者视角审视平台以及提供免费咨询服务。,"综投之家,白银网上开户,原油网上开户,现货网上开户,期货网上开户,现货交易平台,贵金属交易平台,外汇交易平台,期货交易平台",综投之家_现货黄金开户_专业的现货投资服务网站！,http://www.zongtoufx.com
综投之家是一家以广大投资者为服务目标的返佣网站，针对投资者提供免费咨询服务以及白银返佣、原油返佣、现货返佣、期货返佣。综投之家不属于任何现货交易平台、贵金属交易平台和期货交易平台，只帮助恒生指数、原油投资客户提供开户以及返佣服务。,"综投之家,返佣网,白银返佣,原油返佣,现货返佣,期货返佣,现货交易平台,期货交易平台,恒生指数怎么开户,原油投资怎么开户,期货投资怎么开户",综投之家返佣网_现货交易平台_原油返佣_恒生指数开户_您身边的投资专家,http://www.zongtoufy.com
"有佣网,返佣网,白银返佣网,现货投资,","有佣网,返佣网,白银返佣网,现货投资,","赚返用网，有佣网,返佣网,白银返佣网,现货投资,",http://www.zhuanfanyong.cn
综投之家是一家以广大投资者为服务目标的服务网站，针对投资者提供免费咨询服务以及白银网上开户、原油网上开户、现货网上开户、期货网上开户。综投之家不属于任何现货交易平台、贵金属交易平台、外汇交易平台和期货交易平台，也不接触任何投资者资金和账户信息，完全站在交易者视角审视平台以及提供免费咨询服务。,"综投之家,白银网上开户,原油网上开户,现货网上开户,期货网上开户,现货交易平台,贵金属交易平台,外汇交易平台,期货交易平台",综投之家_现货黄金开户_专业的现货投资服务网站！,http://www.ztzj123.com
青青返利基于网贷平台给用户的正常回报之上，叠加了二次甚至多次返利，使得用户的出借回报率最大化，深受用户喜爱。当然安全也是青青返利同样重视的问题，青青返利会对活动平台会进行客观的风控调查，并且量化成为风控分数，不同风险承受等级的用户可选择参加相适应的平台活动。返现也是青青返利非常重视的问题，只要按攻略要求做单的，返现一定有保障,"返利,返现网,p2p,青青,青青返利,网贷,投资,理财,金融","青青返利www.xfqqzs.com,诚信返现",https://www.xfqqzs.com/
让期货投资中的每个人都可以拿手续费返佣,"人人佣;信管家;博易大师;外盘;内盘;期货;期权;股票;基金;金融;投资,返佣",人人佣-期货;期权;股票;基金;金融;投资,http://www.zhuankezj.com
土豪返佣网是南昌辉祥投资咨询有限公司旗下专业从事白银等现货返佣的信息咨询平台。现货行业在国内才刚开始起步几年时间，目前国内现货交易市场大大小小数百家，其中也不乏充斥着一些小平台、黑平台，但是作为普通的交易者去深入了解每家交易所是不现实的。,"土豪返佣网,返佣平台,现货返佣,原油返佣,白银返佣",土豪返佣网|现货返佣|原油返佣|白银返佣,http://www.tuhaofanyong8888.com
"Bluehost - Top rated web hosting provider - Free 1 click installs For blogs, shopping carts, and more. Get a free domain name, real NON-outsourced 24/7 support, and superior speed. web hosting provider php hosting cheap web hosting, Web hosting, domain names, front page hosting, email hosting.  We offer affordable hosting, web hosting provider business web hosting, ecommerce hosting, unix hosting.  Phone support available, Free Domain, and Free Setup.","web hosting, provider, php hosting,web hosting, free domain names, domain name, front page hosting, web site, web design, domain name registration, business web site, web site hosting, web space, picture hosting, small business, cheap web hosting, webmaster, web site builder, web space, affordable web hosting, marketing, cgi perl php hosting, blog, blogs, blogger, weblog, web log, weblogs, web logs, internet marketing, internet advertising",Welcome sxxgzm.com - BlueHost.com,http://www.sxxgzm.com
首页 ,首页,吾爱孔方兄-提供信用卡_网贷_理财综合服务_分享最新偏门赚钱方法 -  吾爱孔方兄,https://www.x007.com.cn
搜财猫，一站式互联网金融P2P网贷投资理财导购平台，专注推荐P2P网贷行业优质平台，让理财无忧，让生活轻松，您身边的理财专家，懂理财，会生活！,"网贷之家、网贷天眼、网贷东方、网贷天下、P2P理财返利网，投资返利，P2P网贷，撸羊毛，网贷预警，P2P贷款，互联网金融，投资顾问，贷款，理财产品，理财导购、p2p排名,挖财,爱钱进,投资理财,理财产品排行,陆金所,理财平台,理财工具,理财软件,理财,活期理财产品排行,活期理财,p2p理财",搜财猫 - 互联网金融P2P网络借贷投资理财大本营 ,http://www.soucaimall.com